n,p,gamma,seed,lambda,xi_oracle,xi_gcv,abs_weight_error,sign_match,excess_risk,D_gcv
100,50,0.5,0,0.1,1.7444439314154674,1.033113701383017,0.7113302300324504,1,0.036789348851572534,0.03956760601693876
100,50,0.5,0,0.5,0.0642235365971328,-0.4507574825648341,0.5149810191619669,0,0.022749193545148167,0.057103835712530415
100,50,0.5,0,2.0,-1.4626191719971913,-2.0750351399923117,0.6124159679951204,1,0.020486364791678417,0.04131431208723768
100,50,0.5,1,0.1,1.9270726249420815,2.589488126671349,0.6624155017292677,1,0.02455978806559537,0.039860845044109805
100,50,0.5,1,0.5,-0.132371347403651,0.566427851021084,0.6987991984247349,0,0.03543880485108682,0.06064536670511522
100,50,0.5,1,2.0,-1.759278770835597,-1.3753118169393284,0.38396695389626867,1,0.007726675702815053,0.056637104300203855
100,50,0.5,2,0.1,3.1611155135613913,2.7960762591347286,0.36503925442666274,1,0.004680440664911408,0.0453788886308546
100,50,0.5,2,0.5,0.6164782163422018,0.003315900987122839,0.6131623153550789,1,0.03436347163934953,0.09491175166992738
100,50,0.5,2,2.0,-1.0645265595796078,-1.9851090823406405,0.9205825227610327,1,0.07158691656743058,0.07702282474131472
100,50,0.5,3,0.1,1.8891560354699708,2.3442458849499976,0.45508984948002684,1,0.009341798521733297,0.039641459213522356
100,50,0.5,3,0.5,-0.13279865220307188,-0.12446791650817057,0.008330735694901309,1,5.789092574244717e-06,0.07639591752455832
100,50,0.5,3,2.0,-1.5877995907399116,-2.002234461078242,0.41443487033833026,1,0.01165876262145585,0.055698932921147026
100,50,0.5,4,0.1,2.329225017552067,1.6401890156970704,0.6890360018549966,1,0.025662022192263073,0.046297046775419126
100,50,0.5,4,0.5,0.17204882679910494,-0.2352802442992032,0.4073290710983081,0,0.01731889988421529,0.06498502747943036
100,50,0.5,4,2.0,-1.5884446720457177,-1.7055677149477435,0.1171230429020258,1,0.0007876401846379297,0.033376643932498506
100,50,0.5,5,0.1,2.223606472947321,2.2042270092423117,0.019379463705009314,1,2.0226312472762396e-05,0.04493894414258914
100,50,0.5,5,0.5,0.45525774965973054,0.09355384353063403,0.36170390612909653,1,0.011978507550845495,0.07096959702324668
100,50,0.5,5,2.0,-1.0772316671762912,-1.655921779963559,0.5786901127872679,1,0.02106456681371635,0.05564192776080512
100,50,0.5,6,0.1,2.0933864375175606,1.5170978259143075,0.5762886116032531,1,0.023305848182515587,0.05092568669856412
100,50,0.5,6,0.5,0.3033363209955053,-0.300740887090352,0.6040772080858573,0,0.04115325318799846,0.0752333448282223
100,50,0.5,6,2.0,-1.2087778744183681,-1.8685495203941316,0.6597716459757634,1,0.029948581114323566,0.049980907406701025
100,50,0.5,7,0.1,2.6188283413364886,2.088693968629239,0.5301343727072494,1,0.01757335549025403,0.044044338666034744
100,50,0.5,7,0.5,0.4019819060606766,0.32247901702463144,0.07950288903604513,1,0.0005666538912484395,0.060132320037964426
100,50,0.5,7,2.0,-1.259542081893949,-1.1492516363504477,0.1102904455435012,1,0.0006168760794195294,0.035560379498280614
100,50,0.5,8,0.1,1.663784992911661,1.4386534251240075,0.22513156778765353,1,0.0030920122909941362,0.046839392687912706
100,50,0.5,8,0.5,-0.24385540493434052,-0.3607975959094761,0.11694219097513556,1,0.0014324966714362156,0.06922274235169734
100,50,0.5,8,2.0,-1.8402156334045865,-1.911967912697111,0.07175227929252448,1,0.0003272734899905235,0.04596579441288551
100,50,0.5,9,0.1,1.9937978527125628,2.2576159654731374,0.26381811276057454,1,0.003638402510444375,0.04296967439006272
100,50,0.5,9,0.5,0.12252515621526099,0.10606487552289331,0.01646028069236767,1,2.4012566882452916e-05,0.0705006244035391
100,50,0.5,9,2.0,-1.4123666208946648,-1.6499181743964977,0.23755155350183288,1,0.003437303965283778,0.04602905770213139
100,50,0.5,10,0.1,1.5576986523026501,2.06945295167323,0.5117542993705799,1,0.013033892828914805,0.04612729125025483
100,50,0.5,10,0.5,0.01300593082330796,0.0722174584310543,0.05921152760774634,1,0.0003438111731718493,0.06754404430724215
100,50,0.5,10,2.0,-1.336273705864034,-1.4282508422177662,0.09197713635373228,1,0.0004884480899912823,0.04255365343902495
100,50,0.5,11,0.1,1.0860716248026798,1.413772880358255,0.32770125555557517,1,0.0040997368429444144,0.036822378060889616
100,50,0.5,11,0.5,-0.39616251609134795,-0.7047442538031841,0.3085817377118361,1,0.008213121943704006,0.06918130515303211
100,50,0.5,11,2.0,-1.7199879994934881,-2.5040019307626316,0.7840139312691434,1,0.04090571901039908,0.0501613933752445
100,50,0.5,12,0.1,2.4819745828642237,1.8890426125785733,0.5929319702856504,1,0.016003834510797555,0.04982602873167785
100,50,0.5,12,0.5,0.3158098603749027,-0.30062376906389066,0.6164336294387933,0,0.042589709414022625,0.08374968113804693
100,50,0.5,12,2.0,-1.1370962998211729,-2.0081862239933193,0.8710899241721464,1,0.05695367989556701,0.05282349539871323
100,50,0.5,13,0.1,2.0686160047865285,1.0062885636984933,1.0623274410880352,1,0.06410597400435121,0.03840692526893852
100,50,0.5,13,0.5,0.07984917160967062,-0.6649172878777327,0.7447664594874034,0,0.048776787678004946,0.05999181966777423
100,50,0.5,13,2.0,-1.6524899790155907,-2.2667494275349593,0.6142594485193686,1,0.02151260766036598,0.040827115535567504
100,50,0.5,14,0.1,1.5559624730874797,1.822346797877067,0.2663843247895874,1,0.0028884912136638093,0.040216487957938085
100,50,0.5,14,0.5,-0.19638251705175894,-0.32225058122742917,0.12586806417567023,1,0.0014320399411552431,0.0679457433138122
100,50,0.5,14,2.0,-1.6880159316682721,-2.0067992039841367,0.31878327231586456,1,0.006128928418744564,0.0410615007972055
100,50,0.5,15,0.1,0.9412648701067782,1.0083753185978996,0.06711044849112147,1,0.0003259773589400193,0.04531242008739955
100,50,0.5,15,0.5,-0.351473717461269,-0.2579469129035039,0.09352680455776508,1,0.0008691575888422307,0.052654935914175915
100,50,0.5,15,2.0,-1.8155151945747867,-1.2846321334414954,0.5308830611332913,1,0.01319391528915345,0.02812879589681172
100,50,0.5,16,0.1,1.4939232605748989,1.7710254007925132,0.27710214021761437,1,0.003950731026649043,0.041151704266158884
100,50,0.5,16,0.5,-0.19730864713554747,0.07308330670823843,0.2703919538437859,0,0.006314279110342073,0.05543225639301719
100,50,0.5,16,2.0,-1.7749871087379316,-1.370561746083012,0.4044253626549197,1,0.0079076060575252,0.03854554508535468
100,50,0.5,17,0.1,2.9611148643379157,1.8498149081834152,1.1112999561545005,1,0.04798672169808233,0.032983347070101754
100,50,0.5,17,0.5,0.33105248299286305,-0.10490301259698087,0.4359554955898439,0,0.013479076014891917,0.05143887433785199
100,50,0.5,17,2.0,-1.6574771952497462,-1.6805529129381143,0.023075717688368025,1,2.387331833895538e-05,0.03241935303330834
100,50,0.5,18,0.1,1.624415697836418,1.8819945646704996,0.2575788668340817,1,0.004428703403201241,0.04135554420005194
100,50,0.5,18,0.5,-0.07200634906837892,-0.0262993624154169,0.04570698665296202,1,0.00018575037381552022,0.06414186997336335
100,50,0.5,18,2.0,-1.6412562298996647,-1.643714682572407,0.0024584526727422507,1,3.373203062383713e-07,0.03984486400657605
100,50,0.5,19,0.1,1.9492599434609552,2.293607274562533,0.34434733110157767,1,0.0039325651946937575,0.03651122854840194
100,50,0.5,19,0.5,-0.20649790249687466,0.09911969080319255,0.3056175933000672,0,0.007136490643914225,0.05937027022134389
100,50,0.5,19,2.0,-1.9087381201582634,-1.5534102327418118,0.3553278874164516,1,0.006394707590246388,0.039165355315233796
100,50,0.5,20,0.1,1.8513197349895179,2.3029179160572406,0.45159818106772276,1,0.008207965903010674,0.040181993928078086
100,50,0.5,20,0.5,0.12307241768258745,0.053707053445202116,0.06936536423738533,1,0.00040864275591317035,0.06514868038446231
100,50,0.5,20,2.0,-1.2922034902822874,-1.6347847756816136,0.3425812853993262,1,0.006615165274535273,0.04549040406847604
100,50,0.5,21,0.1,2.1337566861276396,1.8639390649428749,0.2698176211847647,1,0.003150200266509754,0.03835343998320884
100,50,0.5,21,0.5,0.1055753572902837,-0.3385160250465699,0.44409138233685364,0,0.016696838075408258,0.06959614295033534
100,50,0.5,21,2.0,-1.5211184331603569,-2.118925525855836,0.5978070926954793,1,0.022425508629501194,0.047487748908823235
100,50,0.5,22,0.1,2.1611891111602426,1.142432195901062,1.0187569152591807,1,0.07533104502647468,0.051010925983469235
100,50,0.5,22,0.5,0.21631372282740202,-0.29484048143774194,0.511154204265144,0,0.02913137153630067,0.061905141684153175
100,50,0.5,22,2.0,-1.3716865394442457,-1.5383991825104955,0.16671264306624978,1,0.0015798519403987475,0.0425231638896042
100,50,0.5,23,0.1,1.7700416339447258,1.4304411321581831,0.33960050178654266,1,0.004707668244378915,0.036257306206472606
100,50,0.5,23,0.5,-0.22409010831253193,-0.4807291097772444,0.2566390014647125,1,0.005413007324197324,0.05724636316316323
100,50,0.5,23,2.0,-1.8794902786526482,-2.083306471157311,0.20381619250466265,1,0.002210232389444126,0.039813971861146324
200,100,0.5,0,0.1,2.2099573207052736,1.713427276336414,0.4965300443688596,1,0.013653539747057339,0.04243869924490573
200,100,0.5,0,0.5,0.16772748189717146,-0.20425409434725936,0.37198157624443084,0,0.012541112963294916,0.06773505507266453
200,100,0.5,0,2.0,-1.4923412602010835,-1.9128900844372654,0.4205488242361819,1,0.010932295817015675,0.04876557757111133
200,100,0.5,1,0.1,1.854305979172018,1.890664377707107,0.03635839853508904,1,8.204397502244917e-05,0.04808684750148107
200,100,0.5,1,0.5,-0.06645407540093337,0.17415074818202397,0.24060482358295734,0,0.00580642459368776,0.06513655244054295
200,100,0.5,1,2.0,-1.7618582880325295,-1.2238023922073107,0.5380558958252188,1,0.016062776295938767,0.0411352390849129
200,100,0.5,2,0.1,1.8865748749419957,0.7645278604475718,1.122047014494424,1,0.16184221718545566,0.0637931339079727
200,100,0.5,2,0.5,0.21151857058734394,-0.22096872905395165,0.4324872996412956,0,0.025509125645624315,0.06828866671439648
200,100,0.5,2,2.0,-1.3541878527304472,-1.3012341157954723,0.05295373693497485,1,0.0001765503006771915,0.043509053151818744
200,100,0.5,3,0.1,1.7384088093696817,1.765021796253227,0.02661298688354541,1,4.309931496946675e-05,0.04338311558073782
200,100,0.5,3,0.5,0.020510563445510673,-0.10698571546585295,0.12749627891136361,0,0.0014866790682538523,0.06739036233323814
200,100,0.5,3,2.0,-1.5628465557431626,-1.7738824390377346,0.211035883294572,1,0.00269879839263351,0.04885999543763253
200,100,0.5,4,0.1,1.7893932535843462,2.4298367755332997,0.6404435219489535,1,0.024974986519400607,0.04889788186474142
200,100,0.5,4,0.5,-0.007215832792430526,0.47014049435714567,0.4773563271495762,0,0.02164801048715609,0.07150753761560047
200,100,0.5,4,2.0,-1.595888613366779,-1.1794280413712694,0.41646057199550945,1,0.01031333173776803,0.0472311571591475
200,100,0.5,5,0.1,1.382591049021939,3.2939776607241704,1.9113866117022313,1,0.17164908222833794,0.03675973314581249
200,100,0.5,5,0.5,-0.2964734808945785,0.9300887495667979,1.2265622304613764,0,0.09730446368048451,0.0584773570160495
200,100,0.5,5,2.0,-1.6936560395406643,-0.9603356297616589,0.7333204097790055,1,0.024793147125589336,0.04206172438802591
200,100,0.5,6,0.1,2.1670592892528893,1.8740855331592243,0.29297375609366494,1,0.0038987362490072526,0.04046875936956296
200,100,0.5,6,0.5,0.021452133171795756,-0.13676495588927767,0.15821708906107343,0,0.0021867660956269223,0.06294027327381535
200,100,0.5,6,2.0,-1.51364674437136,-1.7579344810695414,0.2442877366981815,1,0.003361805963340765,0.04552672377278233
200,100,0.5,7,0.1,2.7207128158562752,2.443279388139554,0.2774334277167214,1,0.002939203614168006,0.04363479164702211
200,100,0.5,7,0.5,0.3163968370598734,-0.049439864410898614,0.365836701470772,0,0.012704217512442408,0.07582145166665155
200,100,0.5,7,2.0,-1.3072035678119085,-1.8146501781997229,0.5074466103878144,1,0.016957434239611484,0.047987881906935925
200,100,0.5,8,0.1,2.048703503414347,2.394716909215357,0.34601340580101025,1,0.005836902322974284,0.044678634326917877
200,100,0.5,8,0.5,0.1766584841141188,0.21670138131493155,0.04004289720081275,1,0.0001461234328987073,0.0698471944185921
200,100,0.5,8,2.0,-1.4050427113944686,-1.5149302196049241,0.10988750821045556,1,0.0007279499055205692,0.05036241445755296
200,100,0.5,9,0.1,2.3619766377166953,1.2855106752782253,1.07646596243847,1,0.054393681217352,0.044782210868957506
200,100,0.5,9,0.5,0.20552996262538267,-0.6877825030581536,0.8933124656835363,0,0.0843119100561426,0.07527527273980716
200,100,0.5,9,2.0,-1.3726270717363234,-2.387579786145151,1.0149527144088275,1,0.07371851736837139,0.05009334807079879
200,100,0.5,10,0.1,2.3718537620879894,2.486351220218053,0.11449745813006373,1,0.00043407072538961155,0.036755078628483595
200,100,0.5,10,0.5,0.17963630683534287,-0.05230086323181941,0.23193717006716227,0,0.004133615781441993,0.06776442225125123
200,100,0.5,10,2.0,-1.3113246051983856,-1.8842487478397612,0.5729241426413756,1,0.019852109153628627,0.05418148230868702
200,100,0.5,11,0.1,1.998543012664674,1.4422365096897456,0.5563065029749283,1,0.02489885445949971,0.04504702515479142
200,100,0.5,11,0.5,0.26665955228549676,-0.11850320869309115,0.3851627609785879,0,0.013848995487513812,0.06506257517578451
200,100,0.5,11,2.0,-1.2968718912678068,-1.7775013185766861,0.48062942730887936,1,0.013847804733325477,0.049011480317412204
200,100,0.5,12,0.1,1.328673259890217,1.3545551609665676,0.02588190107635069,1,3.0319833836357883e-05,0.039997650445635635
200,100,0.5,12,0.5,-0.17165190460927757,-0.667994009305745,0.49634210469646745,1,0.023201933849846913,0.06964353365647913
200,100,0.5,12,2.0,-1.4742356305987838,-2.340683129369217,0.8664474987704331,1,0.04938002137214955,0.048996616040128504
200,100,0.5,13,0.1,1.90999581967692,2.7597848898733197,0.8497890701963997,1,0.02947540346409922,0.041205671284567646
200,100,0.5,13,0.5,-0.033262910536181425,0.15461387812066413,0.18787678865684554,0,0.0028850525321523863,0.07616948240626398
200,100,0.5,13,2.0,-1.383284123736965,-1.7755859141298889,0.3923017903929238,1,0.01032101960864127,0.061724786801569564
200,100,0.5,14,0.1,1.857084932528594,2.2431614890136866,0.38607655648509254,1,0.0068826537313703496,0.04210571366652127
200,100,0.5,14,0.5,-0.004651208596320648,0.14562850294242036,0.150279711538741,0,0.001932576432742884,0.06667427733397435
200,100,0.5,14,2.0,-1.4208856755502925,-1.5377540662107116,0.1168683906604191,1,0.0007868904517784724,0.0511279603743251
200,100,0.5,15,0.1,2.0814759002557515,2.5493291017865505,0.467853201530799,1,0.008478297365689589,0.04168854513505904
200,100,0.5,15,0.5,0.004644483078219098,0.0768542299340284,0.0722097468558093,1,0.00044697869586281637,0.07348000230546381
200,100,0.5,15,2.0,-1.4129419807830228,-1.7446470610027554,0.33170508021973255,1,0.0070494218427481275,0.053891951497767376
200,100,0.5,16,0.1,2.0955202911600397,1.9989317016565384,0.09658858950350124,1,0.0005229757444768115,0.044820509176490386
200,100,0.5,16,0.5,0.09186217066240565,0.06763665676935732,0.024225513893048334,1,5.440860592616494e-05,0.06640848122421472
200,100,0.5,16,2.0,-1.634137206843701,-1.576247277154207,0.05788992968949391,1,0.0001973924929606796,0.04989626284976678
200,100,0.5,17,0.1,1.897296350289631,1.6590556548895292,0.23824069540010173,1,0.00476359386407806,0.052116558295150384
200,100,0.5,17,0.5,0.030797540665453215,0.1584632343150493,0.1276656936495961,1,0.0017285998591601215,0.0685900490369784
200,100,0.5,17,2.0,-1.6442266175374478,-1.3605325191872322,0.28369409835021564,1,0.0048626725630845895,0.04761024442312145
200,100,0.5,18,0.1,1.5933655209433089,2.9423815407772174,1.3490160198339085,1,0.08755874986898093,0.0391302539933025
200,100,0.5,18,0.5,-0.3122846441226985,0.8174245685835347,1.1297092127062331,0,0.0906090175352345,0.057686590506035085
200,100,0.5,18,2.0,-1.9352913001255803,-0.9963436825119754,0.9389476176136049,1,0.0410997039293158,0.042452890060931114
200,100,0.5,19,0.1,2.032582185249114,1.754882031565726,0.27770015368338785,1,0.005912891919662278,0.046988291252067604
200,100,0.5,19,0.5,0.20367060349167318,0.09179533788645407,0.11187526560521911,1,0.001187216299440502,0.06732624417650035
200,100,0.5,19,2.0,-1.3798427832342424,-1.5748095701591005,0.19496678692485814,1,0.0022975783974919207,0.05418264121015648
200,100,0.5,20,0.1,1.6173709381359274,2.0216808934568116,0.4043099553208842,1,0.009227584683292784,0.03993431420684246
200,100,0.5,20,0.5,-0.2016766081084766,0.03491534437307575,0.23659195248155235,0,0.004604622842111128,0.06327904411205054
200,100,0.5,20,2.0,-1.699943839814592,-1.712072691730359,0.012128851915766958,1,8.26800714411036e-06,0.04589332457499884
200,100,0.5,21,0.1,1.9934075261027142,2.4172107606666806,0.4238032345639664,1,0.007098876072122982,0.04252717351318758
200,100,0.5,21,0.5,-0.18042752199018688,0.14006469527021126,0.3204922172603981,0,0.009003288597331948,0.0704832766893766
200,100,0.5,21,2.0,-1.777120150117762,-1.564593921620212,0.21252622849754998,1,0.0027388385792624192,0.0552456820507885
200,100,0.5,22,0.1,1.9835669273112493,1.794422339814716,0.18914458749653318,1,0.0028794297993466177,0.049802674156299354
200,100,0.5,22,0.5,0.24581985680184412,0.1769009954820219,0.06891886131982222,1,0.000473754028818881,0.06952689197379369
200,100,0.5,22,2.0,-1.27146871555194,-1.4876168789143134,0.2161481633623734,1,0.0028756182216030635,0.04928791896279616
200,100,0.5,23,0.1,1.8873440648825721,1.1334172801936546,0.7539267846889175,1,0.028119813362096804,0.03915487844342236
200,100,0.5,23,0.5,-0.11854851281402579,-0.569764797611273,0.4512162847972472,1,0.018224616818883897,0.056519229413639405
200,100,0.5,23,2.0,-1.7396761653597734,-1.9726319817861595,0.23295581642638608,1,0.002905385535792808,0.04438631315876451
400,200,0.5,0,0.1,2.1473112971419757,1.3839937059496066,0.7633175911923691,1,0.03968729483848948,0.04701036392164282
400,200,0.5,0,0.5,0.1830530173502778,-0.18908506645538833,0.37213808380566615,0,0.013858693981608959,0.06387226469649354
400,200,0.5,0,2.0,-1.3967561300611566,-1.6859882749407802,0.28923214487962357,1,0.004898738905218739,0.04674140967528029
400,200,0.5,1,0.1,1.8513588067840632,1.7867535525395906,0.06460525424447261,1,0.00026974131674323206,0.04611897766859929
400,200,0.5,1,0.5,0.019087724081042555,-0.0038699722130630197,0.022957696294105573,0,5.0505456818060754e-05,0.06825243532033598
400,200,0.5,1,2.0,-1.5782827952400085,-1.6477415828674966,0.06945878762748814,1,0.0002936297415216331,0.04860673538810678
400,200,0.5,2,0.1,2.0360097617009996,1.6969810364550193,0.33902872524598027,1,0.006740349039621881,0.04632677635784388
400,200,0.5,2,0.5,0.11895184478094793,-0.14255555917503238,0.2615074039559803,0,0.0068042523126408,0.06862199507982458
400,200,0.5,2,2.0,-1.4581100510790759,-1.709979882075922,0.2518698309968461,1,0.003905130625626005,0.04910750611208625
400,200,0.5,3,0.1,1.9003712002195736,1.9175756358502571,0.017204435630683523,1,1.718693370507574e-05,0.04424638951862514
400,200,0.5,3,0.5,-0.011868527930193948,0.07575257713331869,0.08762110506351264,0,0.0006979810457837534,0.06552595294649777
400,200,0.5,3,2.0,-1.5843202017000126,-1.5367045400974475,0.04761566160256514,1,0.00013016837829067255,0.04812629259626444
400,200,0.5,4,0.1,1.9886062676174376,1.7747484541805891,0.2138578134368485,1,0.002376695003824581,0.040280144240512517
400,200,0.5,4,0.5,0.10541925113576518,-0.20755122384825908,0.31297047498402425,0,0.008552801079766768,0.06466870733878505
400,200,0.5,4,2.0,-1.4449124300359604,-1.9226422460519148,0.47772981601595443,1,0.013256636499362127,0.041560625756678515
400,200,0.5,5,0.1,1.5246670347098579,2.33928425341969,0.814617218709832,1,0.03675787075377847,0.04129654841310204
400,200,0.5,5,0.5,-0.24746399645324219,0.31483424814536487,0.5622982445986071,0,0.025382519117242104,0.06436243148204124
400,200,0.5,5,2.0,-1.7497554657992658,-1.4830886307087268,0.266666835090539,1,0.003965823417653962,0.051996349785087936
400,200,0.5,6,0.1,1.7061031465921668,1.8312068275280269,0.1251036809358601,1,0.0010106679457768885,0.046743600030500154
400,200,0.5,6,0.5,-0.04126503142734762,-0.01517767420046831,0.026087357226879312,1,6.663479204633053e-05,0.07008863649629404
400,200,0.5,6,2.0,-1.6234075237020895,-1.6629166487264029,0.03950912502431336,1,9.758252112418268e-05,0.05009288800273959
400,200,0.5,7,0.1,2.085009792681819,1.025127732649666,1.0598820600321532,1,0.06395326534014817,0.043454380869659914
400,200,0.5,7,0.5,0.15033139896874045,-0.7697728598667389,0.9201042588354794,0,0.08673252547958092,0.07239220742103081
400,200,0.5,7,2.0,-1.3741721755476346,-2.3576397418607487,0.983467566313114,1,0.0676584515769079,0.05422401356489637
400,200,0.5,8,0.1,2.0598986681000433,1.933303205551231,0.12659546254881238,1,0.0008694851853000793,0.04406988526706046
400,200,0.5,8,0.5,0.2098373874942445,-0.12500333272895134,0.33484072022319583,0,0.010561542599147941,0.07141801440567042
400,200,0.5,8,2.0,-1.3361271095415106,-1.840856101769085,0.5047289922275744,1,0.01625710763118548,0.04929556013096503
400,200,0.5,9,0.1,2.024424420134336,1.9620515046564058,0.062372915477930224,1,0.0002474426800228586,0.04924375627454314
400,200,0.5,9,0.5,0.08318990441458704,-0.03503409409681313,0.11822399851140017,0,0.0014303775308547313,0.07875639736947493
400,200,0.5,9,2.0,-1.395301498989357,-1.778606265972736,0.3833047669833789,1,0.010349859688939035,0.05662703703830019
400,200,0.5,10,0.1,1.7297406656959045,2.161884043566279,0.4321433778703747,1,0.009120941672050962,0.04586171364866409
400,200,0.5,10,0.5,-0.05442880988060689,0.010075662110695422,0.06450447199130231,0,0.00040477132102319767,0.07373048650135994
400,200,0.5,10,2.0,-1.5543773697003547,-1.6513835804279136,0.09700621072755888,1,0.0006007699083158143,0.04850375231105897
400,200,0.5,11,0.1,1.9376074251051394,1.7685081181431888,0.16909930696195064,1,0.0015110403397351761,0.04382383708290183
400,200,0.5,11,0.5,0.06852645336540285,-0.25258735111754943,0.3211138044829523,0,0.009890760244432287,0.07184750102578485
400,200,0.5,11,2.0,-1.374799698857971,-1.9270501571553014,0.5522504582973304,1,0.019727334948260723,0.04959677006671859
400,200,0.5,12,0.1,1.7025248765186638,2.3583145910712964,0.6557897145526326,1,0.01932025768161185,0.040271749834515536
400,200,0.5,12,0.5,0.015205726809151065,0.08666471410110343,0.07145898729195237,1,0.0004213949776669707,0.06762688840113817
400,200,0.5,12,2.0,-1.4222462090624726,-1.7265211920326486,0.3042749829701761,1,0.005482098477120389,0.04724390562686098
400,200,0.5,13,0.1,1.6567205866399184,2.2520662777150773,0.5953456910751589,1,0.015779424078108614,0.039753418684710606
400,200,0.5,13,0.5,-0.12048163971058905,-0.004452995693861105,0.11602864401672794,1,0.0011121592638297332,0.06774938944376974
400,200,0.5,13,2.0,-1.5675416449943524,-1.7769721038959578,0.2094304589016054,1,0.002640200224998917,0.05346413007971851
400,200,0.5,14,0.1,1.983304200237106,1.5708095499907238,0.4124946502463822,1,0.008597097134060054,0.039861621391409585
400,200,0.5,14,0.5,-0.0009741267205651065,-0.36927137121738696,0.36829724449682183,1,0.011955438832185784,0.06529510720614962
400,200,0.5,14,2.0,-1.6125853648039028,-2.0647860243453935,0.4522006595414907,1,0.012336031972255456,0.04607083301560433
400,200,0.5,15,0.1,2.271950731775996,2.301887521964285,0.029936790188288764,1,4.004449129768799e-05,0.0430807851837236
400,200,0.5,15,0.5,0.20814984175103587,0.01064158904007086,0.197508252710965,1,0.0034945122317350977,0.07342587374923548
400,200,0.5,15,2.0,-1.3089266147079064,-1.750288494055872,0.44136187934796567,1,0.012597219958780319,0.055962349757167296
400,200,0.5,16,0.1,1.6923085092526966,2.008602981240507,0.31629447198781024,1,0.004324204704049001,0.03854744491900863
400,200,0.5,16,0.5,-0.1778042794082967,-0.09466281782343311,0.0831414615848636,1,0.0005708318069609455,0.061813226037088054
400,200,0.5,16,2.0,-1.7241542171008972,-1.7886783150288972,0.06452409792799996,1,0.00022693747570726853,0.03968336094157143
400,200,0.5,17,0.1,2.340533243217484,1.4786939109230577,0.8618393322944264,1,0.038316390997511544,0.044448887725065056
400,200,0.5,17,0.5,0.2266497972689332,-0.446655576653353,0.6733053739222862,0,0.04566595512657576,0.06983797229278554
400,200,0.5,17,2.0,-1.3217815114598563,-2.022776385544718,0.7009948740848615,1,0.03173170687865614,0.04962762379606822
400,200,0.5,18,0.1,1.7653587396317738,1.8353908677748332,0.07003212814305937,1,0.00025244459927269543,0.040137825519235726
400,200,0.5,18,0.5,-0.05143800094194328,-0.11083774492238634,0.05939974398044306,1,0.0002968759589438681,0.06348776808074463
400,200,0.5,18,2.0,-1.5793643811832567,-1.8228041656972969,0.24343978451404014,1,0.003410523167616338,0.0476141388033704
400,200,0.5,19,0.1,1.6499515595589351,1.9938217322005596,0.34387017264162445,1,0.005336757433038359,0.03800173000874896
400,200,0.5,19,0.5,-0.07325348876727172,-0.11566546611672923,0.04241197734945751,1,0.000143039893569963,0.06384609694585208
400,200,0.5,19,2.0,-1.4326515902190837,-1.8567043065796474,0.42405271636056363,1,0.010446790450233256,0.05291235157191121
400,200,0.5,20,0.1,1.5256071609677184,2.249657325847012,0.7240501648792936,1,0.031193783045151392,0.04167540192870156
400,200,0.5,20,0.5,-0.1816013625412912,0.3613330181080257,0.5429343806493169,0,0.024091217030200014,0.06182510184474843
400,200,0.5,20,2.0,-1.7293049284273465,-1.3532054597128287,0.3760994687145178,1,0.0074715282490343616,0.04612326919779264
400,200,0.5,21,0.1,1.8117025175479133,1.7794471691204632,0.03225534842745015,1,6.664605845325863e-05,0.04183477465620822
400,200,0.5,21,0.5,0.07759595365951458,-0.07059936530859172,0.14819531896810628,0,0.0019168620215836115,0.06578289307569252
400,200,0.5,21,2.0,-1.4077621189527072,-1.7810572307018817,0.3732951117491745,1,0.008231343808538698,0.04807920540301369
400,200,0.5,22,0.1,1.8858046626332212,1.3825770939716655,0.5032275686615557,1,0.015554379741191199,0.0457521505885321
400,200,0.5,22,0.5,0.1169116410162108,-0.48401212660658743,0.6009237676227982,0,0.0374419644452823,0.07429460314546699
400,200,0.5,22,2.0,-1.3749596900896695,-2.12119615339674,0.7462364633070706,1,0.03839230290774756,0.051639647887389284
400,200,0.5,23,0.1,1.7398842155862035,2.6948746887791715,0.9549904731929679,1,0.03628444336455553,0.035053711172140734
400,200,0.5,23,0.5,-0.21476479034024828,0.2961010063480148,0.510865796688263,0,0.01778460325696798,0.060096224906753815
400,200,0.5,23,2.0,-1.7412012007025701,-1.5880239954793287,0.1531772052232414,1,0.0012155111782142804,0.047584510618925435
800,400,0.5,0,0.1,2.032339477887631,2.107431583458157,0.07509210557052581,1,0.0002671304731597426,0.043506713655341755
800,400,0.5,0,0.5,0.09065568470858495,-0.05098364017252212,0.1416393248811071,0,0.001844638298027199,0.07119510291056796
800,400,0.5,0,2.0,-1.4662537499811057,-1.7796918224867322,0.3134380725056265,1,0.0061943385498567025,0.049862929216010876
800,400,0.5,1,0.1,1.6849240298579575,1.7496212102797457,0.06469718042178818,1,0.00023386573078309553,0.04218499900112027
800,400,0.5,1,0.5,-0.07247231024690687,-0.17351377957814237,0.1010414693312355,1,0.000919572855617592,0.0664261951093148
800,400,0.5,1,2.0,-1.5825688677453063,-1.8448363752219024,0.2622675074765961,1,0.004140532570444176,0.048643867443855626
800,400,0.5,2,0.1,2.006523687971691,2.00685674749889,0.0003330595271990866,1,6.176432129595875e-09,0.045571858133955256
800,400,0.5,2,0.5,0.14796022701285777,-0.07122648928466065,0.2191867162975184,0,0.004597184310330513,0.07475591412601812
800,400,0.5,2,2.0,-1.3717501148377558,-1.803971573351785,0.43222145851402916,1,0.012511502516779911,0.056255677343695076
800,400,0.5,3,0.1,1.7840258370681044,2.1681811873149623,0.384155350246858,1,0.0069712950029872725,0.04310064624365806
800,400,0.5,3,0.5,-0.039756809292494914,0.027659127309625636,0.06741593660212056,0,0.00041222797959774156,0.06856777101291023
800,400,0.5,3,2.0,-1.557369539362696,-1.6580398862687096,0.10067034690601351,1,0.0006039642995480062,0.044875146795127385
800,400,0.5,4,0.1,1.9503873831583578,1.9143964667506248,0.035990916407733,1,7.093425463414554e-05,0.04465201840817379
800,400,0.5,4,0.5,0.025842169925325252,-0.0677320677877761,0.09357423771310136,0,0.0008260454754529636,0.06967468812756739
800,400,0.5,4,2.0,-1.5407022567406992,-1.7357848120060244,0.19508255526532525,1,0.002356232396371678,0.04870519679758045
800,400,0.5,5,0.1,1.7415503982489071,1.5720774990950737,0.16947289915383346,1,0.0018544287406938493,0.0450066836184706
800,400,0.5,5,0.5,-0.04982808231213041,-0.21919213407656238,0.16936405176443198,1,0.002786611021617744,0.06764191923568053
800,400,0.5,5,2.0,-1.6120028489792897,-1.8303508796155432,0.21834803063625352,1,0.002937696945614783,0.0484461456432026
800,400,0.5,6,0.1,2.2157906456285263,1.8852182179298371,0.3305724276986892,1,0.005368343734030214,0.042991244247383875
800,400,0.5,6,0.5,0.24075003032061335,-0.24400477362560186,0.4847548039462152,0,0.021897229378082545,0.07306249452412317
800,400,0.5,6,2.0,-1.3143493713297911,-1.976894637080929,0.6625452657511379,1,0.029245582498760032,0.0546484517541006
800,400,0.5,7,0.1,1.598805250488406,2.2216022724727966,0.6227970219843906,1,0.022669632088179906,0.04406234821068855
800,400,0.5,7,0.5,-0.12226227396876374,0.411858746036411,0.5341210200051747,0,0.02479514771574171,0.06187385129183465
800,400,0.5,7,2.0,-1.6342591402125781,-1.1823612640477996,0.4518978761647785,1,0.010619247789948974,0.04251596729287188
800,400,0.5,8,0.1,1.999574480074322,1.8948999438500087,0.10467453622431333,1,0.0005582540213391374,0.04427261194700538
800,400,0.5,8,0.5,-0.0016289616553304292,-0.1969538251008895,0.19532486344555905,1,0.0036733645820012256,0.07256649492641509
800,400,0.5,8,2.0,-1.5957448276984068,-1.8944105640091793,0.29866573631077253,1,0.005801870944351327,0.04955292808561884
800,400,0.5,9,0.1,1.8580766771588655,1.6249050262842544,0.2331716508746111,1,0.0033037401238789773,0.043610298758037125
800,400,0.5,9,0.5,0.02562167579578531,-0.11975334634792793,0.14537502214371323,0,0.0019816158214848298,0.06254071638347858
800,400,0.5,9,2.0,-1.5898205325131147,-1.6612772562782607,0.071456723765146,1,0.00028446064382862897,0.039986401154117335
800,400,0.5,10,0.1,1.8270769337632875,2.3350175022947983,0.5079405685315108,1,0.012322763925022694,0.043402964546587874
800,400,0.5,10,0.5,-0.015632819144065082,0.15160756337044262,0.1672403825145077,0,0.002494645850910697,0.06940332435476293
800,400,0.5,10,2.0,-1.4949310923228294,-1.5594068295823325,0.06447573725950306,1,0.000248406140602052,0.04824120128587994
800,400,0.5,11,0.1,1.7509517980830918,1.7397357167965826,0.011216081286509194,1,8.61865289523679e-06,0.04661302139350765
800,400,0.5,11,0.5,-0.06897410593907334,0.06372586425691423,0.13269997019598756,0,0.0016883077462117341,0.06548947544038164
800,400,0.5,11,2.0,-1.6893336347041155,-1.5272627871029125,0.16207084760120294,1,0.0015255231125907488,0.04654024631376252
800,400,0.5,12,0.1,1.8971766621582795,2.321390954474558,0.4242142923162786,1,0.0093141594567974,0.042137246342123014
800,400,0.5,12,0.5,-0.017841989080813896,0.24186607453851203,0.2597080636193259,0,0.005681551243593745,0.06589153831650352
800,400,0.5,12,2.0,-1.6210490743543158,-1.5016132665782471,0.11943580777606866,1,0.0008100508854824477,0.0479087028970282
800,400,0.5,13,0.1,1.702066248790212,2.067546686676011,0.36548043788579876,1,0.007649497260455903,0.043240921387512454
800,400,0.5,13,0.5,-0.0667472372315711,0.1690522848460149,0.23579952207758598,0,0.004881409579854641,0.06450086088483209
800,400,0.5,13,2.0,-1.5989691037097111,-1.5031008374365902,0.09586826627312095,1,0.0005163116464647845,0.045763316702505996
800,400,0.5,14,0.1,1.8423083797041864,2.34700812273189,0.5046997430277038,1,0.010806797121327079,0.04023803909503787
800,400,0.5,14,0.5,-0.023274849201770854,0.08484405692687608,0.10811890612864693,0,0.0009723066615373328,0.06639476297645164
800,400,0.5,14,2.0,-1.489625793636672,-1.6683266016479665,0.17870080801129462,1,0.0018485383919555143,0.0479213485168386
800,400,0.5,15,0.1,2.207072063702436,2.3218943893533246,0.11482232565088868,1,0.0005686812732502161,0.03897634210174905
800,400,0.5,15,0.5,0.08741037985493105,0.09608405330759384,0.008673673452662789,1,6.031903418257023e-06,0.06417804316151132
800,400,0.5,15,2.0,-1.4998667069971325,-1.6657847336853302,0.16591802668819766,1,0.001544711449390378,0.04709089683713019
800,400,0.5,16,0.1,2.031408897320957,1.7855354179417224,0.24587347937923454,1,0.003392342359802651,0.04459337566159194
800,400,0.5,16,0.5,0.07950917798600128,-0.12442789533754023,0.2039370733235415,0,0.003963895049099262,0.06798617290557596
800,400,0.5,16,2.0,-1.5254176105755015,-1.7549250053294978,0.22950739475399629,1,0.0032144007821106814,0.04804594045297916
800,400,0.5,17,0.1,2.0464413431312773,2.1628118860232175,0.11637054289194015,1,0.0006443210782569547,0.0435262773398879
800,400,0.5,17,0.5,0.03837850031254161,-0.009393390763819055,0.047771891076360665,0,0.00020724858014804467,0.07153695180382291
800,400,0.5,17,2.0,-1.4691122282817648,-1.754515400200781,0.2854031719190162,1,0.005159071541478436,0.05197624939062928
800,400,0.5,18,0.1,1.960337440557874,2.3024606518231203,0.34212321126524636,1,0.004668707650973172,0.03678819810272094
800,400,0.5,18,0.5,-0.045194154713604016,0.08612815644891343,0.13132231116251744,0,0.0013092239833232306,0.06021722479332148
800,400,0.5,18,2.0,-1.6755118575375398,-1.6605116700625133,0.015000187475026516,1,1.1808565888125048e-05,0.0430054588487323
800,400,0.5,19,0.1,1.5599938827375284,2.2811177390264685,0.7211238562889402,1,0.03147615922173232,0.04325943009275557
800,400,0.5,19,0.5,-0.07693077071973685,0.2884749705026375,0.36540574122237435,0,0.01143457432260773,0.06686559589585261
800,400,0.5,19,2.0,-1.5740721468204244,-1.4470495434553552,0.1270226033650692,1,0.0009235574136990503,0.04807371371139446
800,400,0.5,20,0.1,1.7453874205901896,1.9870202234125494,0.24163280282235977,1,0.0028223861660808033,0.04121997733626381
800,400,0.5,20,0.5,0.04926019512613565,-0.13061011108192158,0.17987030620805722,0,0.0028514050125704057,0.06830357373999352
800,400,0.5,20,2.0,-1.4068785191752948,-1.8553032659941442,0.44842474681884936,1,0.012287860241621384,0.04881893383950331
800,400,0.5,21,0.1,1.6903850302893135,1.682952678309983,0.007432351979330454,1,3.5792795017842973e-06,0.043631885858768094
800,400,0.5,21,0.5,-0.1225518553820614,0.08240870700446316,0.20496056238652455,0,0.0037961915221716882,0.058747981116630044
800,400,0.5,21,2.0,-1.7637531942410107,-1.4194723119553883,0.3442808822856225,1,0.00611863831552118,0.038927722749690474
800,400,0.5,22,0.1,1.6089056343225812,1.842425344790121,0.23351971046753994,1,0.0024904805570865832,0.03940999542631651
800,400,0.5,22,0.5,-0.13431592428013303,-0.24973246317459716,0.11541653889446413,1,0.00114884546396242,0.06552551457604272
800,400,0.5,22,2.0,-1.636728869346847,-1.956837679766332,0.32010881041948513,1,0.006072307492646453,0.045875169887383827
800,400,0.5,23,0.1,1.8266395060760534,2.0223186055121887,0.19567909943613526,1,0.0019068929834474542,0.04166386952243917
800,400,0.5,23,0.5,0.020444806555333726,-0.07542403552908895,0.09586884208442267,0,0.0008055124172925734,0.06824850316106312
800,400,0.5,23,2.0,-1.4562733485139778,-1.8077696603531563,0.3514963118391785,1,0.00754459228931693,0.05065007961726087
